kit_id,kit_name,kit_sku,kit_price,kit_visible,kit_url,earlier_plan,item_no,item_product_id,item_name,item_option,item_qty,item_brand,brand_set_in_store,item_sku,item_price,item_visible,item_stock,item_url,item_note,owner_decision,owner_changes
8049,Just Diagnosed: Diabetes Day-One Starter,KIT-DIABETES-DAY-ONE,175.80,Yes,https://liivv.ca/just-diagnosed-diabetes-day-one-starter/,List after review,1,4402,FreeStyle Lite Meter,,1,Abbott (FreeStyle),No,11852,46.83,Yes,In stock (19),https://liivv.ca/freestyle-lite-meter/,,,
8049,Just Diagnosed: Diabetes Day-One Starter,KIT-DIABETES-DAY-ONE,175.80,Yes,https://liivv.ca/just-diagnosed-diabetes-day-one-starter/,List after review,2,4698,Freestyle Lite Test Strips,,1,Abbott (FreeStyle),No,FR-003,79.83,Yes,In stock (51),https://liivv.ca/freestyle-lite-test-strips/,,,
8049,Just Diagnosed: Diabetes Day-One Starter,KIT-DIABETES-DAY-ONE,175.80,Yes,https://liivv.ca/just-diagnosed-diabetes-day-one-starter/,List after review,3,4872,Freestyle Lancets 100/bx,,1,Abbott (FreeStyle),No,FR-002,10.09,Yes,In stock (21),https://liivv.ca/freestyle-lancets-100-bx/,,,
8049,Just Diagnosed: Diabetes Day-One Starter,KIT-DIABETES-DAY-ONE,175.80,Yes,https://liivv.ca/just-diagnosed-diabetes-day-one-starter/,List after review,4,7371,Dex4 Fast Acting Glucose Tablets Tropical Fruit,,1,Dex4,Yes,DEX-15,16.79,Yes,Not tracked (always sellable),https://liivv.ca/dex4-fast-acting-glucose-tablets/,,,
8049,Just Diagnosed: Diabetes Day-One Starter,KIT-DIABETES-DAY-ONE,175.80,Yes,https://liivv.ca/just-diagnosed-diabetes-day-one-starter/,List after review,5,7778,PharmaSystems Med ID Bracelet Diabetic,,1,PharmaSystems,Yes,WC-9695,13.29,Yes,Not tracked (always sellable),https://liivv.ca/pharmasystems-med-id-bracelet/,,,
8049,Just Diagnosed: Diabetes Day-One Starter,KIT-DIABETES-DAY-ONE,175.80,Yes,https://liivv.ca/just-diagnosed-diabetes-day-one-starter/,List after review,6,4350,Sharps Container 1L,,1,not named,No,11895,5.58,Yes,In stock (154),https://liivv.ca/sharps-container-1l/,,,
8049,Just Diagnosed: Diabetes Day-One Starter,KIT-DIABETES-DAY-ONE,175.80,Yes,https://liivv.ca/just-diagnosed-diabetes-day-one-starter/,List after review,7,4527,embecta Alcohol Swabs 100ct,Select Your Product: Box of 100,1,embecta,No,BD-014,3.39,Yes,"In stock (849, default option)",https://liivv.ca/embectaa-alcohol-swabs-100ct/,Listing text names another retailer and says swab-only orders are cancelled. Fix the listing.,,
8050,OneTouch Testing System Starter,KIT-DIABETES-ONETOUCH,146.23,Yes,https://liivv.ca/onetouch-testing-system-starter/,Fix first,1,4287,OneTouch Verio Reflect Meter,,1,OneTouch,No,13321,45.47,Yes,In stock (19),https://liivv.ca/onetouch-verio-reflect-meter/,,,
8050,OneTouch Testing System Starter,KIT-DIABETES-ONETOUCH,146.23,Yes,https://liivv.ca/onetouch-testing-system-starter/,Fix first,2,4948,OneTouch Verio Test Strips,Size: 100 per box,1,OneTouch,No,OT-004,84.98,Yes,"In stock (117, default option)",https://liivv.ca/onetouch-verio-test-strips/,,,
8050,OneTouch Testing System Starter,KIT-DIABETES-ONETOUCH,146.23,Yes,https://liivv.ca/onetouch-testing-system-starter/,Fix first,3,4458,"OneTouch Delica Plus 33G, 100/bx",Size: 100 per Box,1,OneTouch,No,OT-002PLUS,8.79,Yes,"In stock (74, default option)",https://liivv.ca/onetouch-delica-plus-33g-100-bx/,,,
8050,OneTouch Testing System Starter,KIT-DIABETES-ONETOUCH,146.23,Yes,https://liivv.ca/onetouch-testing-system-starter/,Fix first,4,7356,One Touch Ultra Control Solution,,1,One Touch,Yes,WC-23139,6.99,Yes,Not tracked (always sellable),https://liivv.ca/one-touch-ultra-control-solution/,Ultra control solution. OneTouch says Verio meters take Verio Mid control solution only.,,
8051,Contour Next Testing System Starter,KIT-DIABETES-CONTOUR-NEXT,137.10,Yes,https://liivv.ca/contour-next-testing-system-starter/,List after review,1,4524,Contour NEXT ONE Meter,,1,Ascensia (Contour),No,12170,43.73,Yes,In stock (21),https://liivv.ca/contour-next-one-meter/,,,
8051,Contour Next Testing System Starter,KIT-DIABETES-CONTOUR-NEXT,137.10,Yes,https://liivv.ca/contour-next-testing-system-starter/,List after review,2,4714,Contour Next Test Strips,Size: Box of 100,1,Ascensia (Contour),No,BAY-012,85.30,Yes,"In stock (161, default option)",https://liivv.ca/contour-next-test-strips/,,,
8051,Contour Next Testing System Starter,KIT-DIABETES-CONTOUR-NEXT,137.10,Yes,https://liivv.ca/contour-next-testing-system-starter/,List after review,3,4398,Bayer Microlet Lancets 28G,Size: 100 per box,1,Ascensia (Microlet; listing says Bayer),No,BAY-007,8.07,Yes,"In stock (109, default option)",https://liivv.ca/bayer-microlet-lancets-28g/,,,
8052,FreeStyle Libre 3 CGM Starter,KIT-DIABETES-LIBRE3,214.59,Yes,https://liivv.ca/freestyle-libre-3-cgm-starter/,Fix first,1,4316,FreeStyle Libre 3 Plus Sensor,,1,Abbott (FreeStyle),No,15482,120.00,Yes,In stock (1633),https://liivv.ca/freestyle-libre-3-plus-sensor/,"Recall notice on this sensor model (Type II, two serial numbers).",,
8052,FreeStyle Libre 3 CGM Starter,KIT-DIABETES-LIBRE3,214.59,Yes,https://liivv.ca/freestyle-libre-3-cgm-starter/,Fix first,2,4674,FreeStyle Libre 3 Reader,,1,Abbott (FreeStyle),No,15483,73.84,Yes,In stock (51),https://liivv.ca/freestyle-libre-3-reader/,Abbott: works with the Libre 3 Plus sensor. Optional if the person uses the app.,,
8052,FreeStyle Libre 3 CGM Starter,KIT-DIABETES-LIBRE3,214.59,Yes,https://liivv.ca/freestyle-libre-3-cgm-starter/,Fix first,3,4841,Libre Oval Patch,Colour: Pink,1,not named (third-party patch),No,12522,2.00,Yes,"In stock (62, default option)",https://liivv.ca/libre-oval-patch/,Fit on the smaller Libre 3 Plus sensor not checked.,,
8052,FreeStyle Libre 3 CGM Starter,KIT-DIABETES-LIBRE3,214.59,Yes,https://liivv.ca/freestyle-libre-3-cgm-starter/,Fix first,4,4258,Libre Silicone Reader Case,Colour: Blue,1,RockaDex (per listing text),No,12379,18.75,Yes,"In stock (22, default option)",https://liivv.ca/libre-silicone-reader-case/,Fit on the Libre 3 reader not checked.,,
8053,Insulin Injection Basics Kit,KIT-DIABETES-INSULIN-INJECTION,110.03,Yes,https://liivv.ca/insulin-injection-basics-kit/,List after review,1,4853,Novofine Plus 32G 4mm Pen Needle,,1,NovoFine,No,11534,48.64,Yes,OUT OF STOCK (0),https://liivv.ca/novofine-plus-32g-4mm-pen-needle/,Out of stock.,,
8053,Insulin Injection Basics Kit,KIT-DIABETES-INSULIN-INJECTION,110.03,Yes,https://liivv.ca/insulin-injection-basics-kit/,List after review,2,4527,embecta Alcohol Swabs 100ct,Select Your Product: Box of 100,1,embecta,No,BD-014,3.39,Yes,"In stock (849, default option)",https://liivv.ca/embectaa-alcohol-swabs-100ct/,Listing text names another retailer and says swab-only orders are cancelled. Fix the listing.,,
8053,Insulin Injection Basics Kit,KIT-DIABETES-INSULIN-INJECTION,110.03,Yes,https://liivv.ca/insulin-injection-basics-kit/,List after review,3,4350,Sharps Container 1L,,1,not named,No,11895,5.58,Yes,In stock (154),https://liivv.ca/sharps-container-1l/,,,
8053,Insulin Injection Basics Kit,KIT-DIABETES-INSULIN-INJECTION,110.03,Yes,https://liivv.ca/insulin-injection-basics-kit/,List after review,4,4844,Frio Insulin Cooling Wallet Small,Colour: Black,1,Frio,No,FRIO 011,32.54,Yes,"In stock (788, default option)",https://liivv.ca/frio-insulin-cooling-wallet-small/,,,
8053,Insulin Injection Basics Kit,KIT-DIABETES-INSULIN-INJECTION,110.03,Yes,https://liivv.ca/insulin-injection-basics-kit/,List after review,5,7778,PharmaSystems Med ID Bracelet Diabetic,,1,PharmaSystems,Yes,WC-9695,13.29,Yes,Not tracked (always sellable),https://liivv.ca/pharmasystems-med-id-bracelet/,,,
8053,Insulin Injection Basics Kit,KIT-DIABETES-INSULIN-INJECTION,110.03,Yes,https://liivv.ca/insulin-injection-basics-kit/,List after review,6,4558,Insul-Cap,,1,Insul-Cap,No,IC200S,6.59,Yes,OUT OF STOCK (0),https://liivv.ca/insul-cap/,For vial-and-syringe users. Out of stock.,,
8054,Insulin Pump Supply Starter (Medtronic),KIT-DIABETES-PUMP-MEDTRONIC,390.62,Yes,https://liivv.ca/insulin-pump-supply-starter-medtronic/,Rework,1,4750,Medtronic Quick-Set,Needle Size: 6mm; Tubing Size: 23 inch,1,Medtronic (MiniMed),No,MMT-399600,225.00,Yes,"In stock (62, default option)",https://liivv.ca/medtronic-quick-set/,Kit locks no size: defaults to 6 mm / 23 in (only size in stock).,,
8054,Insulin Pump Supply Starter (Medtronic),KIT-DIABETES-PUMP-MEDTRONIC,390.62,Yes,https://liivv.ca/insulin-pump-supply-starter-medtronic/,Rework,2,4862,Medtronic Reservoir 3.0ml,,1,Medtronic (MiniMed),No,MMT-332A,50.00,Yes,Not tracked (always sellable),https://liivv.ca/medtronic-reservoir-3-0ml/,,,
8054,Insulin Pump Supply Starter (Medtronic),KIT-DIABETES-PUMP-MEDTRONIC,390.62,Yes,https://liivv.ca/insulin-pump-supply-starter-medtronic/,Rework,3,4532,IV 3000 Infusion Set Dressing,,1,IV3000 (maker not named),No,HMS-668007,25.16,Yes,In stock (212),https://liivv.ca/iv-3000-infusion-set-dressing/,,,
8054,Insulin Pump Supply Starter (Medtronic),KIT-DIABETES-PUMP-MEDTRONIC,390.62,Yes,https://liivv.ca/insulin-pump-supply-starter-medtronic/,Rework,4,4612,3M Cavilon No Sting Barrier Film Wipes,Size: Box of 30,1,3M (Cavilon),No,11642,58.47,Yes,"In stock (23, default option)",https://liivv.ca/3m-cavilon-no-sting-barrier-film-wipes/,,,
8054,Insulin Pump Supply Starter (Medtronic),KIT-DIABETES-PUMP-MEDTRONIC,390.62,Yes,https://liivv.ca/insulin-pump-supply-starter-medtronic/,Rework,5,4747,Frio Insulin Pump Cooling Wallets,Colour: Black,1,Frio,No,FRIO 031,31.99,Yes,"OUT OF STOCK (0, default option)",https://liivv.ca/frio-insulin-pump-cooling-wallets/,Out of stock in every colour.,,
8055,Low-Glucose Rescue Kit,KIT-DIABETES-LOW-GLUCOSE,228.07,Yes,https://liivv.ca/low-glucose-rescue-kit/,Rework,1,7371,Dex4 Fast Acting Glucose Tablets Tropical Fruit,,1,Dex4,Yes,DEX-15,16.79,Yes,Not tracked (always sellable),https://liivv.ca/dex4-fast-acting-glucose-tablets/,,,
8055,Low-Glucose Rescue Kit,KIT-DIABETES-LOW-GLUCOSE,228.07,Yes,https://liivv.ca/low-glucose-rescue-kit/,Rework,2,7382,Dex4 Glucose Gel Fruit Punch,,1,Dex4,Yes,WC-8243,5.29,Yes,Not tracked (always sellable),https://liivv.ca/dex4-glucose-gel-fruit-punch/,"Listing still says ""Canadian Diabetes Association"".",,
8055,Low-Glucose Rescue Kit,KIT-DIABETES-LOW-GLUCOSE,228.07,Yes,https://liivv.ca/low-glucose-rescue-kit/,Rework,3,4453,Dex 4 Tropical Gel Blast 15g,Size: 0.53 oz,1,Dex4,No,DEX-12,5.80,Yes,"In stock (115, default option)",https://liivv.ca/dex-4-tropical-gel-blast-15g/,,,
8055,Low-Glucose Rescue Kit,KIT-DIABETES-LOW-GLUCOSE,228.07,Yes,https://liivv.ca/low-glucose-rescue-kit/,Rework,4,4731,Dex4 Key Chain,,1,Dex4,No,DEX-24KC,3.99,Yes,In stock (87),https://liivv.ca/dex4-key-chain/,,,
8055,Low-Glucose Rescue Kit,KIT-DIABETES-LOW-GLUCOSE,228.07,Yes,https://liivv.ca/low-glucose-rescue-kit/,Rework,5,4555,Baqsimi,,1,Amphastar (Baqsimi),No,13271,182.91,Yes,Not tracked (always sellable),https://liivv.ca/baqsimi/,"Glucagon (DIN 02492415). Pharmacist review required (owner, 2026-10-06).",,
8055,Low-Glucose Rescue Kit,KIT-DIABETES-LOW-GLUCOSE,228.07,Yes,https://liivv.ca/low-glucose-rescue-kit/,Rework,6,7778,PharmaSystems Med ID Bracelet Diabetic,,1,PharmaSystems,Yes,WC-9695,13.29,Yes,Not tracked (always sellable),https://liivv.ca/pharmasystems-med-id-bracelet/,,,
8056,Diabetic Foot Care Kit,KIT-DIABETES-FOOT-CARE,130.03,Yes,https://liivv.ca/diabetic-foot-care-kit/,Withhold,1,7342,MagniLife Diabetic Neuropathy Foot Cream,,1,MagniLife,Yes,WC-317656,29.99,Yes,Not tracked (always sellable),https://liivv.ca/magnilife-diabetic-neuropathy-foot/,Listing says it softens calluses.,,
8056,Diabetic Foot Care Kit,KIT-DIABETES-FOOT-CARE,130.03,Yes,https://liivv.ca/diabetic-foot-care-kit/,Withhold,2,4222,Heel Balm Flexitol,Size: 56g,1,Flexitol,No,11699,12.58,Yes,"OUT OF STOCK (0, default option)",https://liivv.ca/heel-balm-flexitol/,Out of stock. 25% urea.,,
8056,Diabetic Foot Care Kit,KIT-DIABETES-FOOT-CARE,130.03,Yes,https://liivv.ca/diabetic-foot-care-kit/,Withhold,3,4502,Atrac-Tain Cream (10% Urea and 4% AHA),Quantity: One Bottle; Size: 140 ml,1,Coloplast,Yes,400447,13.12,Yes,Not tracked (always sellable),https://liivv.ca/atrac-tain-cream-10-urea-and-4-aha/,,,
8056,Diabetic Foot Care Kit,KIT-DIABETES-FOOT-CARE,130.03,Yes,https://liivv.ca/diabetic-foot-care-kit/,Withhold,4,4205,Amope Pedi Perfect Pedicure Electronic Foot File for Smooth Skin,,1,Amope,No,11696,44.35,Yes,OUT OF STOCK (0),https://liivv.ca/amope-pedi-perfect-pedicure-electronic-foot-file-for-smooth-skin/,Out of stock. Electric callus file.,,
8056,Diabetic Foot Care Kit,KIT-DIABETES-FOOT-CARE,130.03,Yes,https://liivv.ca/diabetic-foot-care-kit/,Withhold,5,5040,"Infracare Socks for cold feet due to Diabetes, Chilblains or Raynaud's",Size: Small; Colour: White,1,Infracare,No,SC-001-CS,29.99,Yes,"In stock (16, default option)",https://liivv.ca/infracare-socks-for-cold-feet-due-to-diabetes-chilblains-or-raynaud-s/,"Listing claims ""infra-sound waves"". Not heated.",,
8057,Injection & Finger-Poke Skin Comfort Kit,KIT-DIABETES-SKIN-COMFORT,192.09,Yes,https://liivv.ca/injection-finger-poke-skin-comfort-kit/,Withhold,1,4527,embecta Alcohol Swabs 100ct,Select Your Product: Box of 100,1,embecta,No,BD-014,3.39,Yes,"In stock (849, default option)",https://liivv.ca/embectaa-alcohol-swabs-100ct/,Listing text names another retailer and says swab-only orders are cancelled. Fix the listing.,,
8057,Injection & Finger-Poke Skin Comfort Kit,KIT-DIABETES-SKIN-COMFORT,192.09,Yes,https://liivv.ca/injection-finger-poke-skin-comfort-kit/,Withhold,2,4459,Buzzy Personal LadyBuzz,Style: LadyBuzz,1,Buzzy,No,14151,66.14,Yes,"In stock (23, default option)",https://liivv.ca/buzzy-personal-ladybuzz/,,,
8057,Injection & Finger-Poke Skin Comfort Kit,KIT-DIABETES-SKIN-COMFORT,192.09,Yes,https://liivv.ca/injection-finger-poke-skin-comfort-kit/,Withhold,3,7573,Boiron Arnicare Bruise,,1,Boiron,Yes,WC-174438,10.29,Yes,Not tracked (always sellable),https://liivv.ca/boiron-arnicare-bruise/,,,
8057,Injection & Finger-Poke Skin Comfort Kit,KIT-DIABETES-SKIN-COMFORT,192.09,Yes,https://liivv.ca/injection-finger-poke-skin-comfort-kit/,Withhold,4,5036,Emla Cream,Size: 30g Tube,1,Aspen (EMLA),No,EML-002,67.29,Yes,Not tracked (always sellable),https://liivv.ca/emla-cream/,"Lidocaine/prilocaine (DIN 00886858). A drug, not a comfort item.",,
8057,Injection & Finger-Poke Skin Comfort Kit,KIT-DIABETES-SKIN-COMFORT,192.09,Yes,https://liivv.ca/injection-finger-poke-skin-comfort-kit/,Withhold,5,7807,CeraVe Moisturizing Cream With Pump,,1,CeraVe,Yes,WC-169983,30.99,Yes,Not tracked (always sellable),https://liivv.ca/cerave-moisturizing-cream-with-pump/,,,
8057,Injection & Finger-Poke Skin Comfort Kit,KIT-DIABETES-SKIN-COMFORT,192.09,Yes,https://liivv.ca/injection-finger-poke-skin-comfort-kit/,Withhold,6,7965,New-Skin Scar Silicone Gel,,1,New-Skin,No,WC-135920,13.99,Yes,Not tracked (always sellable),https://liivv.ca/new-skin-scar-silicone-gel/,,,
8058,Diabetes Travel & On-the-Go Kit,KIT-DIABETES-TRAVEL,70.34,Yes,https://liivv.ca/diabetes-travel-on-the-go-kit/,List after review,1,4919,Frio Insulin Cooling Wallet Mini,Colour: Black,1,Frio,No,FRIO 063,25.00,Yes,"OUT OF STOCK (0, default option)",https://liivv.ca/frio-insulin-cooling-wallet-mini/,Out of stock in every colour. Holds cartridges or one vial; listing names no pen.,,
8058,Diabetes Travel & On-the-Go Kit,KIT-DIABETES-TRAVEL,70.34,Yes,https://liivv.ca/diabetes-travel-on-the-go-kit/,List after review,2,4255,Pen Plus Diabetic Travel Case,,1,Pen Plus,No,Medi-3,27.28,Yes,In stock (8),https://liivv.ca/pen-plus-diabetic-travel-case/,,,
8058,Diabetes Travel & On-the-Go Kit,KIT-DIABETES-TRAVEL,70.34,Yes,https://liivv.ca/diabetes-travel-on-the-go-kit/,List after review,3,4350,Sharps Container 1L,,1,not named,No,11895,5.58,Yes,In stock (154),https://liivv.ca/sharps-container-1l/,,,
8058,Diabetes Travel & On-the-Go Kit,KIT-DIABETES-TRAVEL,70.34,Yes,https://liivv.ca/diabetes-travel-on-the-go-kit/,List after review,4,4731,Dex4 Key Chain,,1,Dex4,No,DEX-24KC,3.99,Yes,In stock (87),https://liivv.ca/dex4-key-chain/,,,
8058,Diabetes Travel & On-the-Go Kit,KIT-DIABETES-TRAVEL,70.34,Yes,https://liivv.ca/diabetes-travel-on-the-go-kit/,List after review,5,4370,Quik-Care Hand Sanitizer Gel,Quantity: One Bottle; Size: 540 ml,1,Ecolab (Quik-Care),No,700894,8.49,Yes,Not tracked (always sellable),https://liivv.ca/quik-care-hand-sanitizer-gel/,Hand sanitizer in a testing kit: see kit notes.,,
8059,Blood-Sugar Nutrition Support Kit,KIT-DIABETES-NUTRITION,219.89,Yes,https://liivv.ca/blood-sugar-nutrition-support-kit/,Retire,1,7361,CanPrev Blood Sugar Support,,1,CanPrev,Yes,WC-20709,39.99,Yes,Not tracked (always sellable),https://liivv.ca/canprev-blood-sugar-support/,,,
8059,Blood-Sugar Nutrition Support Kit,KIT-DIABETES-NUTRITION,219.89,Yes,https://liivv.ca/blood-sugar-nutrition-support-kit/,Retire,2,7592,AOR GlucoSupport,,1,AOR,Yes,WC-303886,47.99,Yes,Not tracked (always sellable),https://liivv.ca/aor-glucosupport/,,,
8059,Blood-Sugar Nutrition Support Kit,KIT-DIABETES-NUTRITION,219.89,Yes,https://liivv.ca/blood-sugar-nutrition-support-kit/,Retire,3,7689,CanPrev Fibre Feel Powder,,1,CanPrev,Yes,WC-181677,31.34,Yes,Not tracked (always sellable),https://liivv.ca/canprev-fibre-feel-powder/,,,
8059,Blood-Sugar Nutrition Support Kit,KIT-DIABETES-NUTRITION,219.89,Yes,https://liivv.ca/blood-sugar-nutrition-support-kit/,Retire,4,7825,NutraSea Omega-3 Liquid Lemon,Size: 200 mL,1,NutraSea,Yes,WC-87276,33.99,Yes,Not tracked (always sellable),https://liivv.ca/nutrasea-omega-3-liquid-lemon/,,,
8059,Blood-Sugar Nutrition Support Kit,KIT-DIABETES-NUTRITION,219.89,Yes,https://liivv.ca/blood-sugar-nutrition-support-kit/,Retire,5,7966,NOW Chromium Picolinate 200mcg,,1,NOW,No,WC-18917,21.59,Yes,Not tracked (always sellable),https://liivv.ca/now-chromium-picolinate-200mcg/,,,
8059,Blood-Sugar Nutrition Support Kit,KIT-DIABETES-NUTRITION,219.89,Yes,https://liivv.ca/blood-sugar-nutrition-support-kit/,Retire,6,7967,NOW Alpha Lipoic Acid 250mg,,1,NOW,No,WC-18955,44.99,Yes,Not tracked (always sellable),https://liivv.ca/now-alpha-lipoic-acid-250mg/,,,
8060,Newly Diagnosed: Type 2 Diabetes Starter Kit,KIT-DIABETES-TYPE2-STARTER,169.42,Yes,https://liivv.ca/newly-diagnosed-type-2-diabetes-starter-kit/,List after review,1,4524,Contour NEXT ONE Meter,,1,Ascensia (Contour),No,12170,43.73,Yes,In stock (21),https://liivv.ca/contour-next-one-meter/,,,
8060,Newly Diagnosed: Type 2 Diabetes Starter Kit,KIT-DIABETES-TYPE2-STARTER,169.42,Yes,https://liivv.ca/newly-diagnosed-type-2-diabetes-starter-kit/,List after review,2,4714,Contour Next Test Strips,Size: Box of 100,1,Ascensia (Contour),No,BAY-012,85.30,Yes,"In stock (161, default option)",https://liivv.ca/contour-next-test-strips/,,,
8060,Newly Diagnosed: Type 2 Diabetes Starter Kit,KIT-DIABETES-TYPE2-STARTER,169.42,Yes,https://liivv.ca/newly-diagnosed-type-2-diabetes-starter-kit/,List after review,3,4945,Accu-Chek Softclix,Select your product: Box of 100 Lancets,1,Accu-Chek,No,ACCU-SOF1,10.51,Yes,"In stock (20, default option)",https://liivv.ca/accu-chek-softclix/,"Lancets only (variant ""Box of 100 Lancets""). Softclix lancets fit the Softclix device only.",,
8060,Newly Diagnosed: Type 2 Diabetes Starter Kit,KIT-DIABETES-TYPE2-STARTER,169.42,Yes,https://liivv.ca/newly-diagnosed-type-2-diabetes-starter-kit/,List after review,4,4995,Dex4 Glucose Rapid Release Tablets,Quantity: Bottle of 50; Flavour: Orange,1,Dex 4,Yes,701950,11.01,Yes,Not tracked (always sellable),https://liivv.ca/dex4-glucose-rapid-release-tablets/,,,
8060,Newly Diagnosed: Type 2 Diabetes Starter Kit,KIT-DIABETES-TYPE2-STARTER,169.42,Yes,https://liivv.ca/newly-diagnosed-type-2-diabetes-starter-kit/,List after review,5,4350,Sharps Container 1L,,1,not named,No,11895,5.58,Yes,In stock (154),https://liivv.ca/sharps-container-1l/,,,
8060,Newly Diagnosed: Type 2 Diabetes Starter Kit,KIT-DIABETES-TYPE2-STARTER,169.42,Yes,https://liivv.ca/newly-diagnosed-type-2-diabetes-starter-kit/,List after review,6,7778,PharmaSystems Med ID Bracelet Diabetic,,1,PharmaSystems,Yes,WC-9695,13.29,Yes,Not tracked (always sellable),https://liivv.ca/pharmasystems-med-id-bracelet/,,,
